ID,Description,Calories,Protein,TotalFat,Carbohydrate,Sodium,SaturatedFat,Cholesterol,Sugar,Calcium,Iron,Potassium,VitaminC,VitaminE,VitaminD
1,Baba ghanouj,150.0,3.0,8.0,15.0,91.5,0.5,0.0,2.5,1.1,4.5,1.1,2.8,0.7,0.6
2,Batata mahchi,250.0,3.0,8.0,15.0,69.5,1.0,0.0,1.0,1.8,18.0,5.0,2.5,1.1,1.1
3,Borgul bi banadoura,250.0,3.0,8.0,15.0,69.1,1.0,0.0,1.0,1.5,20.8,3.0,1.5,1.4,1.5
4,Chichbarak,250.0,15.0,15.0,5.0,68.1,4.5,65.0,1.0,1.7,18.7,4.8,2.3,0.7,2.8
5,Falafel,250.0,3.0,8.0,15.0,31.3,2.5,0.0,1.0,3.4,36.5,13.3,3.6,1.4,1.8
6,Fatayer sabanikh,250.0,3.0,8.0,15.0,45.0,1.0,0.0,1.0,2.4,27.2,5.3,1.6,0.9,5.0
7,Fattat Hommos,150.0,3.0,8.0,15.0,68.7,1.0,0.0,3.0,1.3,15.8,6.5,3.0,0.6,0.9
8,Fattoush,150.0,3.0,8.0,15.0,88.1,0.3,0.0,3.0,1.3,7.2,1.5,1.6,0.3,0.6
9,Foul moudamas,250.0,3.0,8.0,15.0,75.3,1.0,0.0,1.0,1.0,14.2,5.3,1.0,1.0,0.6
10,Hindbe bil zet,150.0,3.0,8.0,15.0,67.7,1.0,0.0,3.0,1.5,5.9,2.5,4.2,0.7,1.6
11,Hommos bi tahini,150.0,3.0,8.0,15.0,68.2,1.4,0.0,0.5,1.9,17.2,7.5,1.6,0.8,0.8
12,Kafta wa batata,250.0,15.0,15.0,5.0,79.3,5.0,50.0,1.2,1.5,7.0,8.8,1.1,1.2,4.1
13,Kebba bil sayniya,250.0,15.0,15.0,5.0,51.4,4.5,65.0,1.0,1.8,19.7,11.3,2.5,1.2,2.0
14,Koussa mahchi,250.0,3.0,8.0,15.0,71.6,1.0,0.0,1.0,1.4,20.3,3.8,0.4,1.2,1.3
15,Lahm bil ajin,250.0,3.0,8.0,15.0,44.6,1.0,0.0,1.0,1.5,37.1,11.2,1.5,0.5,1.9
16,Loubia bil zet,150.0,3.0,8.0,15.0,86.5,1.0,0.0,3.0,1.4,7.2,2.1,1.8,0.6,0.8
17,Malfouf mahchi,250.0,3.0,8.0,15.0,81.5,1.0,0.0,1.0,1.3,12.1,3.8,2.1,1.8,1.0
18,Moujadara,250.0,3.0,8.0,15.0,71.1,1.0,0.0,1.0,1.2,21.8,5.4,1.5,0.4,1.2
19,Moghrabia,250.0,3.0,8.0,15.0,72.8,1.0,0.0,1.0,1.0,15.6,6.7,1.2,0.4,0.9
20,Mousaka batinjan,150.0,3.0,8.0,15.0,70.6,1.0,0.0,3.0,1.1,14.8,3.2,2.0,0.6,1.0
21,Riz a dajaj,250.0,15.0,15.0,5.0,65.4,4.5,65.0,1.0,1.6,18.8,7.2,1.2,0.7,1.0
22,Riz bi lahma,250.0,15.0,15.0,5.0,63.0,4.5,65.0,1.0,1.7,23.0,7.5,1.0,0.4,1.3
23,Sayadia,250.0,3.0,8.0,15.0,64.2,1.0,0.0,1.0,0.9,22.1,6.5,0.4,0.8,1.3
24,Shawarma dajaj,250.0,15.0,15.0,5.0,58.6,3.0,60.0,0.5,2.4,1.1,29.7,2.2,1.4,1.6
25,Shawarma lahma,250.0,15.0,15.0,5.0,67.3,6.0,70.0,0.5,1.6,2.6,17.5,0.9,0.7,1.5
26,Tabboula,150.0,3.0,8.0,15.0,88.3,0.2,0.0,1.5,1.4,6.1,1.9,0.6,1.1,1.0
27,Warak enab,250.0,3.0,8.0,15.0,75.1,1.0,0.0,1.0,1.3,17.7,4.4,1.1,1.3,1.3
28,Yakhnat Bamia,150.0,3.0,8.0,15.0,73.5,1.0,0.0,3.0,1.3,17.0,3.9,1.4,1.1,1.5
29,Yakhnat Fassoulia,150.0,3.0,8.0,15.0,66.3,1.0,0.0,3.0,1.1,22.6,8.1,1.0,1.0,0.9
30,Yakhnat Mouloukhia,150.0,3.0,8.0,15.0,76.3,1.0,0.0,3.0,1.6,11.9,5.4,0.0,0.0,0.0
32,and iron content in,250.0,3.0,8.0,15.0,0.0,1.0,0.0,1.0,0.0,0.0,0.0,0.0,0.0,0.0
33,Yakhnat mouloukhia,150.0,3.0,8.0,15.0,76.3,1.0,0.0,3.0,1.6,11.9,5.4,0.0,0.0,0.0
34,Batata mahchi,250.0,3.0,8.0,15.0,69.5,1.0,0.0,1.0,1.8,18.0,5.0,2.5,1.1,1.1
35,Borgul bi banadoura,250.0,3.0,8.0,15.0,69.1,1.0,0.0,1.0,1.5,20.8,3.0,1.5,1.4,1.5
36,Kebba bil sayniya,250.0,15.0,15.0,5.0,51.4,4.5,65.0,1.0,1.8,19.7,11.3,2.5,1.2,2.0
37,Lahm bil ajin,250.0,3.0,8.0,15.0,44.6,1.0,0.0,1.0,1.5,37.1,11.2,1.5,0.5,1.9
38,Loubia bil zet,150.0,3.0,8.0,15.0,86.5,1.0,0.0,3.0,1.4,7.2,2.1,1.8,0.6,0.8
39,Sayadia,250.0,3.0,8.0,15.0,64.2,1.0,0.0,1.0,0.9,22.1,6.5,0.4,0.8,1.3
40,Shawarma dajaj,250.0,15.0,15.0,5.0,58.6,3.0,60.0,0.5,2.4,1.1,29.7,2.2,1.4,1.6
41,Shawarma lahma,250.0,15.0,15.0,5.0,67.3,6.0,70.0,0.5,1.6,2.6,17.5,0.9,0.7,1.5
42,Yakhnat Fassoulia,150.0,3.0,8.0,15.0,66.3,1.0,0.0,3.0,1.1,22.6,8.1,1.0,1.0,0.9
43,Baklava mixed,474.0,1.1,64.0,27.3,23.0,8.0,20.0,35.0,5.3,3.0,6.2,0.0,0.0,0.0
44,Baklava mixed light,478.0,1.0,61.9,28.7,0.0,8.0,20.0,35.0,0.0,0.0,0.0,0.0,0.0,0.0
45,Barazik,553.0,1.3,49.0,42.1,0.0,1.0,0.0,1.0,0.0,0.0,0.0,0.0,0.0,0.0
46,Boundoukia,465.0,1.5,64.1,23.2,0.0,1.0,0.0,1.0,0.0,0.0,0.0,0.0,0.0,0.0
47,Daoukia,347.0,0.7,52.8,15.1,0.0,1.0,0.0,1.0,0.0,0.0,0.0,0.0,0.0,0.0
48,Foustoukia,446.0,1.8,59.7,18.5,0.0,1.0,0.0,1.0,0.0,0.0,0.0,0.0,0.0,0.0
49,Ghourayba,510.0,0.4,62.9,32.9,0.0,1.0,0.0,1.0,0.0,0.0,0.0,0.0,0.0,0.0
50,Halawa,538.0,1.7,45.7,41.0,0.0,5.0,0.0,40.0,0.0,0.0,0.0,0.0,0.0,0.0
51,Halawa light,531.0,1.4,57.5,35.6,0.0,5.0,0.0,40.0,0.0,0.0,0.0,0.0,0.0,0.0
52,Halawat El jiben,248.0,1.3,36.7,8.8,0.0,5.0,0.0,40.0,0.0,0.0,0.0,0.0,0.0,0.0
53,Ish el bulbul,478.0,1.0,65.8,26.2,10.0,1.0,0.0,1.0,8.4,0.1,3.0,0.0,0.0,0.0
54,Kallaj kashta,215.0,0.8,33.0,9.7,0.0,1.0,0.0,1.0,0.0,0.0,0.0,0.0,0.0,0.0
55,Karabij joz maa crema,391.0,0.6,61.1,16.5,0.0,1.0,0.0,1.0,0.0,0.0,0.0,0.0,0.0,0.0
56,Katayef Kashta,260.0,0.8,40.5,10.5,0.0,1.0,0.0,1.0,0.0,0.0,0.0,0.0,0.0,0.0
57,Kounafa kashta bil kaak,262.0,0.9,42.2,8.7,0.0,8.0,25.0,35.0,0.0,0.0,0.0,0.0,0.0,0.0
58,Kounafa bil jiben,279.0,0.6,40.4,13.2,0.0,12.0,45.0,30.0,0.0,0.0,0.0,0.0,0.0,0.0
59,Maakroun wa moushabak,448.0,0.2,77.1,17.9,0.0,8.0,25.0,35.0,0.0,0.0,0.0,0.0,0.0,0.0
60,Maamoul tamer,410.0,1.0,68.4,15.6,0.0,8.0,25.0,35.0,0.0,0.0,0.0,0.0,0.0,0.0
61,Maamoul mad kashta,283.0,0.9,49.6,8.9,0.0,8.0,25.0,35.0,0.0,0.0,0.0,0.0,0.0,0.0
62,Maamoul mad joz,443.0,0.8,58.8,25.0,25.0,8.0,25.0,35.0,5.3,4.0,6.2,0.0,0.0,0.0
63,Maamoul fostok,444.0,0.8,53.3,26.9,0.0,8.0,25.0,35.0,0.0,0.0,0.0,0.0,0.0,0.0
64,Maamoul joz,433.0,0.6,66.2,18.3,0.0,8.0,25.0,35.0,0.0,0.0,0.0,0.0,0.0,0.0
65,Madlouka,328.0,1.1,51.1,13.0,0.0,1.0,0.0,1.0,0.0,0.0,0.0,0.0,0.0,0.0
66,Mafrouka kashta,425.0,0.8,71.1,17.5,0.0,1.0,0.0,1.0,0.0,0.0,0.0,0.0,0.0,0.0
67,Moufattaka,332.0,0.7,59.2,10.1,0.0,1.0,0.0,1.0,0.0,0.0,0.0,0.0,0.0,0.0
68,Mouhallabiya,203.0,1.1,31.6,7.3,0.0,8.0,25.0,35.0,0.0,0.0,0.0,0.0,0.0,0.0
69,Moushabak,250.0,3.0,8.0,15.0,0.0,1.0,0.0,1.0,0.0,0.0,0.0,0.0,0.0,0.0
70,Nammoura,376.0,0.4,75.4,8.8,0.0,8.0,25.0,35.0,0.0,0.0,0.0,0.0,0.0,0.0
71,Osmaliya,271.0,1.3,27.0,17.9,0.0,8.0,25.0,35.0,0.0,0.0,0.0,0.0,0.0,0.0
72,Riz bil halib,204.0,1.3,32.7,6.5,0.0,8.0,25.0,35.0,0.0,0.0,0.0,0.0,0.0,0.0
73,Saniora,490.0,1.0,68.7,26.4,0.0,1.0,0.0,1.0,0.0,0.0,0.0,0.0,0.0,0.0
74,Sfouf,401.0,0.7,55.2,22.0,0.0,1.0,0.0,1.0,0.0,0.0,0.0,0.0,0.0,0.0
75,Shaaybiyat,298.0,0.5,39.1,14.7,0.0,1.0,0.0,1.0,0.0,0.0,0.0,0.0,0.0,0.0
76,Ward el sham,254.0,1.2,34.4,11.9,0.0,1.0,0.0,1.0,0.0,0.0,0.0,0.0,0.0,0.0
77,Znoud El sitt,307.0,0.3,41.0,17.8,0.0,1.0,0.0,1.0,0.0,0.0,0.0,0.0,0.0,0.0
78,Baklava mixed Light,478.0,1.0,61.9,28.7,0.0,8.0,20.0,35.0,0.0,0.0,0.0,0.0,0.0,0.0
79,Halawa Light,531.0,1.4,57.5,35.6,0.0,5.0,0.0,40.0,0.0,0.0,0.0,0.0,0.0,0.0
80,Halawat El Jiben,248.0,1.3,36.7,8.8,0.0,5.0,0.0,40.0,0.0,0.0,0.0,0.0,0.0,0.0
81,Katayef kashta,260.0,0.8,40.5,10.5,0.0,1.0,0.0,1.0,0.0,0.0,0.0,0.0,0.0,0.0
82,Znoud El Sitt,307.0,0.3,41.0,17.8,0.0,1.0,0.0,1.0,0.0,0.0,0.0,0.0,0.0,0.0
83,Coffee,250.0,3.0,8.0,15.0,0.0,1.0,0.0,1.0,0.0,0.0,0.0,0.0,0.0,0.0
84,Mixed Nuts,250.0,3.0,8.0,15.0,0.0,1.0,0.0,1.0,0.0,0.0,0.0,0.0,0.0,0.0
85,Biscuits Chocolate,350.0,3.0,8.0,15.0,0.0,1.0,0.0,2.0,0.0,0.0,0.0,0.0,0.0,0.0
86,Biscuits Digestive,350.0,3.0,8.0,15.0,0.0,1.0,0.0,2.0,0.0,0.0,0.0,0.0,0.0,0.0
87,Breakfast Cereals,350.0,3.0,8.0,15.0,0.0,1.0,0.0,2.0,0.0,0.0,0.0,0.0,0.0,0.0
88,Butter,250.0,3.0,8.0,15.0,0.0,14.0,0.0,1.0,0.0,0.0,0.0,0.0,0.0,0.0
89,Butter Light,250.0,3.0,8.0,15.0,0.0,14.0,0.0,1.0,0.0,0.0,0.0,0.0,0.0,0.0
90,Chocolate Wafers,250.0,3.0,8.0,15.0,0.0,1.0,0.0,1.0,0.0,0.0,0.0,0.0,0.0,0.0
91,Chocolate wafers-,250.0,3.0,8.0,15.0,0.0,1.0,0.0,1.0,0.0,0.0,0.0,0.0,0.0,0.0
92,Chocolate with milk,250.0,3.0,8.0,15.0,0.0,1.0,0.0,1.0,0.0,0.0,0.0,0.0,0.0,0.0
93,Chocolate-Dark,250.0,3.0,8.0,15.0,0.0,1.0,0.0,1.0,0.0,0.0,0.0,0.0,0.0,0.0
94,Chocolate-White,250.0,3.0,8.0,15.0,0.0,1.0,0.0,1.0,0.0,0.0,0.0,0.0,0.0,0.0
95,Corn Oil,250.0,3.0,8.0,15.0,0.0,2.0,0.0,1.0,0.0,0.0,0.0,0.0,0.0,0.0
96,Cream Filled Biscuits,350.0,3.0,8.0,15.0,0.0,1.0,0.0,2.0,0.0,0.0,0.0,0.0,0.0,0.0
97,Hot Chocolate Powder,250.0,3.0,8.0,15.0,0.0,1.0,0.0,1.0,0.0,0.0,0.0,0.0,0.0,0.0
98,Instant Coffee (3 in 1),250.0,3.0,8.0,15.0,0.0,1.0,0.0,1.0,0.0,0.0,0.0,0.0,0.0,0.0
99,Chips Baked,250.0,3.0,8.0,15.0,0.0,1.0,0.0,1.0,0.0,0.0,0.0,0.0,0.0,0.0
100,Lays Chips Cheese,250.0,3.0,8.0,15.0,0.0,1.0,0.0,1.0,0.0,0.0,0.0,0.0,0.0,0.0
101,Olive Oil,250.0,3.0,8.0,15.0,0.0,2.0,0.0,1.0,0.0,0.0,0.0,0.0,0.0,0.0
102,Potato Chips,250.0,3.0,8.0,15.0,0.0,1.0,0.0,1.0,0.0,0.0,0.0,0.0,0.0,0.0
103,Potato Chips Light,250.0,3.0,8.0,15.0,0.0,1.0,0.0,1.0,0.0,0.0,0.0,0.0,0.0,0.0
104,Sunflower Oil,250.0,3.0,8.0,15.0,0.0,2.0,0.0,1.0,0.0,0.0,0.0,0.0,0.0,0.0
105,Tahina,250.0,3.0,8.0,15.0,0.0,2.0,0.0,1.0,0.0,0.0,0.0,0.0,0.0,0.0
106,Tuna Packed in Oil,250.0,15.0,15.0,5.0,0.0,4.5,65.0,1.0,0.0,0.0,0.0,0.0,0.0,0.0
107,Tuna Packed in Water,250.0,15.0,15.0,5.0,0.0,4.5,65.0,1.0,0.0,0.0,0.0,0.0,0.0,0.0
108,"GUAVAS,COMMON,RAW",68.0,2.55,0.95,14.32,2.0,0.272,0.0,8.92,18.0,0.26,417.0,228.3,0.73,0.0
109,"GUAVA SAUCE,COOKED",36.0,0.32,0.14,9.48,4.0,0.04,0.0,5.88,7.0,0.18,225.0,146.4,0.55,0.0
110,"LEMON PEEL,RAW",47.0,1.5,0.3,16.0,6.0,0.039,0.0,4.17,134.0,0.8,160.0,129.0,0.25,0.0
111,"LITCHIS,DRIED",277.0,3.8,1.2,70.7,3.0,0.27,0.0,66.1,33.0,1.7,1110.0,183.0,0.31,0.0
112,"CHEESE,GRUYERE",413.0,29.81,32.34,0.36,336.0,18.913,110.0,0.36,1011.0,0.17,81.0,0.0,0.28,0.6
113,"CHEESE,PARMESAN,GRATED",431.0,38.46,28.61,4.06,1529.0,17.301,88.0,0.9,1109.0,0.9,125.0,0.0,0.25,0.5
114,"CHEESE,PARMESAN,HARD",392.0,35.75,25.83,3.22,1602.0,16.41,68.0,0.8,1184.0,0.82,92.0,0.0,0.22,0.5
115,"CHEESE,ROMANO",387.0,31.8,26.94,3.63,1200.0,17.115,104.0,0.73,1064.0,0.77,86.0,0.0,0.23,0.5
116,"CHEESE,PAST PROCESS,AMERICAN,FORT W/ VITAMIN D",371.0,18.13,31.79,3.7,1671.0,18.057,100.0,2.26,1045.0,0.63,132.0,0.0,0.8,7.5
117,"FRUIT-FLAVORED DRK,DRY PDR,LO CAL,W/ HI VIT C",200.0,0.0,0.0,88.79,0.0,0.0,0.0,0.0,800.0,0.0,1.0,2400.0,0.68,0.0
118,"ORANGE JUC,FRZ CONC,UNSWTND,UNDIL",159.0,2.39,0.21,38.17,3.0,0.024,0.0,37.37,32.0,0.35,674.0,137.9,0.71,0.0
119,"ORANGE PEEL,RAW",97.0,1.5,0.2,25.0,3.0,0.024,0.0,,161.0,0.8,212.0,136.0,0.25,
120,"CARP,RAW",127.0,17.83,5.6,0.0,49.0,1.083,66.0,0.0,41.0,1.24,333.0,1.6,0.63,24.7
121,"CATFISH,CHANNEL,WILD,RAW",95.0,16.38,2.82,0.0,43.0,0.722,58.0,,14.0,0.3,358.0,0.7,,12.5
122,"CISCO,SMOKED",177.0,16.36,11.9,0.0,481.0,1.741,32.0,0.0,26.0,0.49,293.0,0.0,0.22,13.3
123,"COD,ATLANTIC,DRIED&SALTED",290.0,62.82,2.37,0.0,7027.0,0.462,152.0,0.0,160.0,2.5,1458.0,3.5,2.84,4.0
124,"EEL,MIXED SPECIES,RAW",184.0,18.44,11.66,0.0,51.0,2.358,126.0,0.0,20.0,0.5,272.0,1.8,4.0,23.3
125,"MILK,DRY,WHL,W/ ADDED VITAMIN D",496.0,26.32,26.71,38.42,371.0,16.742,97.0,38.42,912.0,0.47,1330.0,8.6,0.58,10.5
126,"MILK,DRY,NONFAT,REG,WO/ ADDED VIT A & VITAMIN D",362.0,36.16,0.77,51.98,535.0,0.499,20.0,51.98,1257.0,0.32,1794.0,6.8,0.0,0.0
127,"HALIBUT,GREENLAND,RAW",186.0,14.37,13.84,0.0,80.0,2.419,46.0,0.0,3.0,0.66,268.0,0.0,0.73,27.4
128,"MILK,DRY,NONFAT,INST,W/ ADDED VIT A & VITAMIN D",358.0,35.1,0.72,52.19,549.0,0.467,18.0,52.19,1231.0,0.31,1705.0,5.6,0.01,11.0
129,"MILK,BUTTERMILK,DRIED",387.0,34.3,5.78,49.0,517.0,3.598,69.0,49.0,1184.0,0.3,1592.0,5.7,0.1,0.5
130,"MACKEREL,ATLANTIC,RAW",205.0,18.6,13.89,0.0,90.0,3.257,70.0,0.0,12.0,1.63,314.0,0.4,1.52,16.1
131,"MACKEREL,PACIFIC&JACK,MXD SP,RAW",158.0,20.07,7.89,0.0,86.0,2.247,47.0,0.0,23.0,1.16,406.0,2.0,1.0,9.1
132,"WHEY,ACID,DRIED",339.0,11.73,0.54,73.45,968.0,0.342,3.0,73.45,2054.0,1.24,2289.0,0.9,0.0,0.0
133,"WHEY,SWEET,DRIED",353.0,12.93,1.07,74.46,1079.0,0.684,6.0,74.46,796.0,0.88,2080.0,1.5,0.02,0.0
134,"POMPANO,FLORIDA,RAW",164.0,18.48,9.47,0.0,65.0,3.509,50.0,0.0,22.0,0.6,381.0,0.0,0.18,11.0
135,"ROE,MIXED SPECIES,RAW",143.0,22.32,6.42,1.5,91.0,1.456,374.0,0.0,22.0,0.6,221.0,16.0,7.0,12.1
136,"EGG,WHOLE,DRIED",594.0,47.35,40.95,4.95,523.0,12.727,1507.0,3.08,231.0,6.79,493.0,0.0,3.88,8.0
137,"EGG,WHL,DRIED,STABILIZED,GLUCOSE RED",615.0,48.17,43.95,2.38,548.0,13.198,2017.0,,222.0,8.28,515.0,0.0,,
138,"EGG,WHITE,DRIED,FLAKES,GLUCOSE RED",351.0,76.92,0.04,4.17,1156.0,0.0,0.0,4.17,83.0,0.23,1042.0,0.0,0.0,
139,"EGG,WHITE,DRIED,PDR,GLUCOSE RED",376.0,82.4,0.04,4.47,1238.0,0.0,0.0,4.47,89.0,0.24,1116.0,0.0,0.0,0.0
140,"SALMON,CHINOOK,SMOKED",117.0,18.28,4.32,0.0,784.0,0.929,23.0,0.0,11.0,0.85,175.0,0.0,1.35,17.1
141,"EGG,YOLK,DRIED",666.0,34.25,55.8,3.6,135.0,17.154,2052.0,3.6,284.0,5.42,244.0,0.0,5.42,11.4
142,"FISH,SALMON,CHUM,CND,DRND SOL W/ BONE",141.0,21.43,5.5,0.0,487.0,1.486,39.0,0.0,249.0,0.7,300.0,0.0,1.6,9.6
143,"SALMON,COHO,WILD,RAW",146.0,21.62,5.93,0.0,46.0,1.26,45.0,0.0,36.0,0.56,423.0,1.0,0.73,9.0
144,"SALMON,PINK,RAW",127.0,20.5,4.4,0.0,75.0,0.81,46.0,0.0,7.0,0.38,366.0,0.0,0.4,10.9
145,"EGG SUBSTITUTE,POWDER",444.0,55.5,13.0,21.8,800.0,3.766,572.0,21.8,326.0,3.16,744.0,0.8,1.26,0.0
146,"FISH,SALMON,PINK,CND,TOTAL CAN CONTENTS",129.0,19.68,4.97,0.0,403.0,0.862,55.0,0.0,215.0,0.64,344.0,0.0,0.64,13.7
147,"SALMON,SOCKEYE,CKD,DRY HEAT",169.0,25.4,6.69,0.0,134.0,0.909,63.0,0.0,12.0,0.5,408.0,0.0,1.14,13.1
148,"FISH,SALMON,SOCKEYE,CND,DRND SOL",167.0,23.59,7.39,0.0,408.0,1.44,79.0,0.0,232.0,0.65,314.0,0.0,2.07,21.0
149,"CHEESE,PARMESAN,SHREDDED",415.0,37.86,27.34,3.41,1696.0,17.37,72.0,0.9,1253.0,0.87,97.0,0.0,0.25,0.5
150,"SALMON,SOCKEYE,RAW",142.0,21.31,5.61,0.0,112.0,1.182,53.0,0.0,10.0,0.42,343.0,0.0,0.95,11.0
151,"MILK,DRY,NONFAT,REG,W/ ADDED VIT A & VITAMIN D",362.0,36.16,0.77,51.98,535.0,0.499,20.0,51.98,1257.0,0.32,1794.0,6.8,0.0,11.0
152,"MILK,DRY,NONFAT,INST,WO/ ADDED VIT A & VITAMIN D",358.0,35.1,0.72,52.19,549.0,0.47,18.0,52.19,1231.0,0.31,1705.0,5.6,0.01,0.0
153,"SNAPPER,MIXED SPECIES,RAW",100.0,20.51,1.34,0.0,64.0,0.285,37.0,0.0,32.0,0.18,417.0,1.6,0.96,10.2
154,"STURGEON,MXD SP,RAW",105.0,16.14,4.04,0.0,54.0,0.915,60.0,0.0,13.0,0.7,284.0,0.0,0.5,10.3
155,"STURGEON,MXD SP,CKD,DRY HEAT",135.0,20.7,5.18,0.0,69.0,1.173,77.0,0.0,17.0,0.9,364.0,0.0,0.63,12.9
156,"EGG,WHITE,DRIED",382.0,81.1,0.0,7.8,1280.0,0.0,0.0,5.4,62.0,0.15,1125.0,0.0,0.0,
157,"STURGEON,MXD SP,SMOKED",173.0,31.2,4.4,0.0,739.0,1.037,80.0,0.0,17.0,0.93,379.0,0.0,0.5,16.1
158,"SWORDFISH,RAW",144.0,19.66,6.65,0.0,81.0,1.602,66.0,0.0,5.0,0.38,418.0,0.0,2.02,13.9
159,"SWORDFISH,COOKED,DRY HEAT",172.0,23.45,7.93,0.0,97.0,1.911,78.0,0.0,6.0,0.45,499.0,0.0,2.41,16.6
160,"PARMESAN CHS TOPPING,FAT FREE",370.0,40.0,5.0,40.0,1150.0,3.11,20.0,1.5,800.0,5.0,600.0,0.0,0.04,0.0
161,"WHITEFISH,MXD SP,RAW",134.0,19.09,5.86,0.0,51.0,0.906,60.0,0.0,26.0,0.37,317.0,0.0,0.2,12.0
162,"WHITEFISH,MXD SP,SMOKED",108.0,23.4,0.93,0.0,1019.0,0.228,33.0,0.0,18.0,0.5,423.0,0.0,0.21,12.8
163,"CHEESE,PARMESAN,DRY GRATED,RED FAT",265.0,20.0,20.0,1.37,1529.0,13.317,88.0,0.0,1109.0,0.9,125.0,0.0,0.17,0.4
164,"CHEESE,MEXICAN,BLEND,RED FAT",282.0,24.69,19.4,3.41,776.0,11.58,62.0,0.56,1146.0,0.13,93.0,0.0,0.17,0.4
165,"EGG MIX,USDA CMDTY",555.0,35.6,34.5,23.97,576.0,10.305,975.0,2.46,171.0,3.23,373.0,,2.04,7.4
166,"PROTEIN SUPP,MILK BSD,MUSCLE MILK,PDR",411.0,45.71,17.14,18.5,329.0,1.553,21.0,5.71,500.0,8.57,1129.0,30.0,7.07,5.0
167,"PROTEIN SUPP,MILK BSD,MUSCLE MILK LT,PDR",396.0,50.0,12.0,22.0,250.0,1.087,10.0,4.0,1200.0,12.0,840.0,42.0,9.45,7.0
168,"CHEESE PRODUCT,PAST PROCESS,AMERICAN,VITAMIN D FORT",310.0,18.18,22.63,8.52,1272.0,13.291,79.0,6.57,1433.0,0.96,273.0,0.0,0.77,7.0
169,"CHEESE,PAST PROCESS,AMERICAN,WO/ ADDED VITAMIN D",371.0,18.13,31.79,3.7,1671.0,18.057,100.0,2.26,1045.0,0.63,132.0,0.0,0.8,0.6
170,"WHELK,UNSPEC,CKD,MOIST HEAT",275.0,47.68,0.8,15.52,412.0,0.062,130.0,,113.0,10.06,694.0,6.8,,
171,ANISE SEED,337.0,17.6,15.9,50.02,16.0,0.586,0.0,,646.0,36.96,1441.0,21.0,,0.0
172,"SPICES,BASIL,DRIED",233.0,22.98,4.07,47.75,76.0,2.157,0.0,1.71,2240.0,89.8,2630.0,0.8,10.7,0.0
173,"SPICES,BAY LEAF",313.0,7.61,8.36,74.97,23.0,2.28,0.0,,834.0,43.0,529.0,46.5,,0.0
174,CELERY SEED,392.0,18.07,25.27,41.35,160.0,2.19,0.0,0.67,1767.0,44.9,1400.0,17.1,1.07,0.0
175,"CHERVIL,DRIED",237.0,23.2,3.9,49.1,83.0,0.169,0.0,,1346.0,31.95,4740.0,50.0,,0.0
176,CHILI POWDER,282.0,13.46,14.28,49.7,1640.0,2.462,0.0,7.19,330.0,17.3,1950.0,0.7,38.14,0.0
177,"CINNAMON,GROUND",247.0,3.99,1.24,80.59,10.0,0.345,0.0,2.17,1002.0,8.32,431.0,3.8,2.32,0.0
178,"CORIANDER LEAF,DRIED",279.0,21.93,4.78,52.1,211.0,0.115,0.0,7.27,1246.0,42.46,4466.0,566.7,1.03,0.0
179,CUMIN SEED,375.0,17.81,22.27,44.24,168.0,1.535,0.0,2.25,931.0,66.36,1788.0,7.7,3.33,0.0
180,DILL SEED,305.0,15.98,14.54,55.17,20.0,0.73,0.0,,1516.0,16.33,1186.0,21.0,,0.0
181,"DILL WEED,DRIED",253.0,19.96,4.36,55.82,208.0,0.234,0.0,,1784.0,48.78,3308.0,50.0,,0.0
182,FENNEL SEED,345.0,15.8,14.87,52.29,88.0,0.48,0.0,,1196.0,18.54,1694.0,21.0,,0.0
183,FENUGREEK SEED,323.0,23.0,6.41,58.35,67.0,1.46,0.0,,176.0,33.53,770.0,3.0,,0.0
184,"MARJORAM,DRIED",271.0,12.66,7.04,60.56,77.0,0.529,0.0,4.09,1990.0,82.71,1522.0,51.4,1.69,0.0
185,"MACKEREL,PACIFIC&JACK,MXD SP,CKD,DRY HEAT",201.0,25.73,10.12,0.0,110.0,2.881,60.0,0.0,29.0,1.49,521.0,2.1,1.25,11.4
186,"SPICES,OREGANO,DRIED",265.0,9.0,4.28,68.92,25.0,1.551,0.0,4.09,1597.0,36.8,1260.0,2.3,18.26,0.0
187,PAPRIKA,282.0,14.14,12.89,53.99,68.0,2.14,0.0,10.34,229.0,21.14,2280.0,0.9,29.83,0.0
188,"PARSLEY,DRIED",292.0,26.63,5.48,50.64,452.0,1.378,0.0,7.27,1140.0,22.04,2683.0,125.0,8.96,0.0
189,"PEPPER,RED OR CAYENNE",318.0,12.01,17.27,56.63,30.0,3.26,0.0,10.34,148.0,7.8,2014.0,76.4,29.83,0.0
190,POPPY SEED,525.0,17.99,41.56,28.13,26.0,4.517,0.0,2.99,1438.0,9.76,719.0,1.0,1.77,0.0
191,POULTRY SEASONING,307.0,9.59,7.53,65.59,27.0,3.29,0.0,3.08,996.0,35.3,684.0,12.0,1.32,0.0
192,"SALMON,PINK,CKD,DRY HEAT",153.0,24.58,5.28,0.0,90.0,0.971,55.0,0.0,8.0,0.45,439.0,0.0,0.48,13.0
193,"ROSEMARY,DRIED",331.0,4.88,15.22,64.06,50.0,7.371,0.0,,1280.0,29.25,955.0,61.2,,0.0
194,"SAGE,GROUND",315.0,10.63,12.75,60.73,11.0,7.03,0.0,1.71,1652.0,28.12,1070.0,32.4,7.48,0.0
195,"SAVORY,GROUND",272.0,6.73,5.91,68.73,24.0,3.26,0.0,,2132.0,37.88,1051.0,50.0,,0.0
196,"SPICES,TARRAGON,DRIED",295.0,22.77,7.24,50.22,62.0,1.881,0.0,,1139.0,32.3,3020.0,50.0,,0.0
197,"SPICES,THYME,DRIED",276.0,9.11,7.43,63.94,55.0,2.73,0.0,1.71,1890.0,123.6,814.0,50.0,7.48,0.0
198,"TURMERIC,GROUND",354.0,7.83,9.88,64.93,38.0,3.12,0.0,3.21,183.0,41.42,2525.0,25.9,3.1,0.0
199,"THYME,FRSH",101.0,5.56,1.68,24.45,9.0,0.467,0.0,,405.0,17.45,609.0,160.1,,0.0
200,"SPEARMINT,DRIED",285.0,19.93,6.03,52.04,344.0,1.577,0.0,,1488.0,87.47,1924.0,0.0,,0.0
201,GERBER GRADUATES FRUIT STRIPS REAL FRUIT BARS,330.0,0.82,2.24,76.61,14.0,0.361,0.0,68.65,18.0,1.05,312.0,179.9,0.96,0.0
202,"TROUT,RAINBOW,FARMED,RAW",141.0,19.94,6.18,0.0,51.0,1.383,59.0,0.0,25.0,0.31,377.0,2.9,2.34,15.9
203,"TROUT,RAINBOW,FARMED,CKD,DRY HEAT",168.0,23.8,7.38,0.0,61.0,1.651,70.0,0.0,30.0,0.36,450.0,2.9,2.79,19.0
204,"CHILD FORMULA,MEAD JOHNSON,PORTAGEN,W/ IRON,PDR,NOT RECON",483.0,16.5,22.0,54.8,260.0,19.186,4.0,54.0,440.0,8.8,590.0,38.0,9.8,9.3
205,"In for, M JOHN, ENF, ENFAC LIP, with ir, po, wi ARA and DH",514.0,12.5,27.0,56.0,173.0,11.37,16.0,51.0,590.0,8.9,565.0,79.0,9.0,9.8
206,"SALMON,COHO,WILD,CKD,DRY HEAT",139.0,23.45,4.3,0.0,58.0,1.054,55.0,0.0,45.0,0.61,434.0,1.4,0.92,11.3
207,"SALMON,SOCKEYE,CND,TOTAL CAN CONTENTS",153.0,20.63,7.17,0.0,433.0,1.46,67.0,0.0,198.0,0.57,329.0,0.0,1.88,19.0
208,"FISH,SALMON,PINK,CND,DRND SOL",138.0,23.1,5.02,0.0,381.0,0.895,83.0,0.0,283.0,0.77,333.0,0.0,1.28,14.5
209,"SALMON,SOCKEYE,CND,DRND SOL,WO/ SKN & BONES",158.0,26.33,5.87,0.0,386.0,1.211,66.0,0.0,37.0,0.48,312.0,0.0,2.09,21.5
210,"FISH,SALMON,PINK,CND,DRND SOL,WO/ SKN & BONES",136.0,24.62,4.21,0.0,378.0,0.749,83.0,0.0,60.0,0.57,326.0,0.0,1.28,14.1
211,"FISH OIL,COD LIVER",902.0,0.0,100.0,0.0,0.0,22.608,570.0,,0.0,0.0,0.0,0.0,,250.0
212,"FISH OIL,SARDINE",902.0,0.0,100.0,0.0,0.0,29.892,710.0,,0.0,0.0,0.0,0.0,,8.3
213,"PEANUT FLOUR,DEFATTED",327.0,52.2,0.55,34.7,180.0,0.063,0.0,8.22,140.0,2.1,1290.0,0.0,0.05,0.0
214,MEAT EXTENDER,313.0,38.11,2.97,38.32,10.0,0.424,0.0,,204.0,11.99,1902.0,0.0,,0.0
215,"SOYBEANS,MATURE SEEDS,DRY RSTD",451.0,39.58,21.62,32.72,2.0,3.127,0.0,,140.0,3.95,1364.0,4.6,,0.0
216,"SOY FLOUR,FULL-FAT,RAW",436.0,34.54,20.65,35.19,13.0,2.987,0.0,7.5,206.0,6.37,2515.0,0.0,1.95,0.0
217,"SOY FLR,FULL-FAT,RSTD",441.0,34.8,21.86,33.67,12.0,3.162,0.0,7.61,188.0,5.82,2041.0,0.0,1.98,0.0
218,"SOY FLOUR,DEFATTED",330.0,47.01,1.22,38.37,20.0,0.136,0.0,18.88,241.0,9.24,2384.0,0.0,0.12,0.0
219,"SOY FLOUR,LOW-FAT",375.0,45.51,8.9,34.93,9.0,1.29,0.0,10.53,285.0,8.2,2090.0,0.0,0.55,0.0
220,"SOY MEAL,DEFATTED,RAW",339.0,44.95,2.39,40.14,3.0,0.268,0.0,,244.0,13.7,2490.0,0.0,,0.0
221,"SOY PROT CONC,PRODUCED BY ALCOHOL EXTRACTION",331.0,58.13,0.46,30.91,3.0,0.052,0.0,20.0,363.0,10.78,2202.0,0.0,0.0,0.0
222,SOY PROTEIN ISOLATE,338.0,80.69,3.39,7.36,1005.0,0.422,0.0,0.0,178.0,14.5,81.0,0.0,0.0,0.0
223,"PORK,CURED,BACON,CKD,MICROWAVED",505.0,38.62,37.27,1.05,2073.0,12.102,117.0,0.0,11.0,1.28,498.0,0.0,0.31,
224,"PORK,CURED,BACON,CKD,PAN-FRIED",533.0,38.34,40.3,1.5,2428.0,13.291,113.0,0.0,12.0,1.38,591.0,0.0,0.3,1.1
225,"TOFU,DRIED-FROZEN (KOYADOFU)",480.0,47.94,30.34,14.56,6.0,4.388,0.0,,364.0,9.73,20.0,0.7,,0.0
226,"SNACKS,CANDY ROLLS,YOGURT-COVERED,FRUIT FLAV W/ HI VIT C",359.0,0.46,6.53,74.64,8.0,5.096,0.0,39.15,430.0,0.56,100.0,260.8,0.41,0.0
227,"FORM BAR,MARS SNACK US,SNICKERSMARATHONCHEWCHOCPNUT BAR",396.0,24.29,13.12,47.24,462.0,4.728,4.0,32.86,965.0,,,144.4,24.55,
228,"FORM BAR,MARS SNKF US,SNICKERS MARATHON MULTIGRNCRUNCH",422.0,18.49,13.18,57.27,418.0,4.794,3.0,33.04,953.0,14.67,,144.3,24.57,
229,"FORM BAR,MARS SNACK US,SNICKERS MARATHON DOUBLE CHOC NUT BAR",343.0,22.35,8.99,52.47,333.0,4.847,4.0,22.67,1495.0,17.95,,176.2,30.5,
230,"FORM BAR,MARS SNACKFOOD US,SNICKERS MARATHON HON NUT OAT BAR",378.0,22.5,7.87,54.3,318.0,4.481,,26.26,,18.15,,176.4,30.5,4.5
231,"FORM BAR,MARS SNACKFOOD US,COCOAVIA,CHOC ALMOND",347.0,7.72,14.19,51.68,260.0,4.326,2.0,27.03,1209.0,2.21,,42.5,,
232,"FORM BAR,MARS SNACK US,SNICKERS MARATHON ENERGY BAR,ALL FLAV",386.0,21.91,10.79,50.3,383.0,4.753,4.0,28.71,754.0,16.31,351.0,489.9,27.53,4.5
233,"SOY PROT ISOLATE,PROT TECHNOLOGIES INTERNATIONAL,SUPRO",388.0,87.75,4.0,0.0,1188.0,0.871,0.0,,200.0,16.0,100.0,0.0,,
234,"SOY PROT ISOLATE,PROT TECHNOLOGIES INTERNATIONAL,PROPLUS",380.0,86.0,4.0,0.0,40.0,0.4,0.0,,200.0,18.0,1600.0,0.0,,
235,"FORM BAR,MARS SNACKFOOD US,COCOAVIA,CHOC BLUEBERRY",325.0,6.21,9.27,57.87,260.0,3.87,2.0,33.4,1207.0,1.88,,42.4,,
236,"VEG OIL SPRD,37% FAT,UNSPEC OILS,W/ SALT,W/ ADDED VITAMIN D",339.0,0.51,37.77,0.66,589.0,8.637,0.0,0.0,6.0,0.02,34.0,0.1,13.45,10.7
237,"MARGARINE,REG,80% FAT,COMP,STK,W/ SALT,W/ ADDED VITAMIN D",717.0,0.16,80.71,0.7,751.0,15.189,0.0,0.0,3.0,0.06,18.0,0.2,9.0,10.7
238,"MARGARINE,REG,80% FAT,COMP,TUB,W/ SALT,W/ ADDED VITAMIN D",713.0,0.22,80.17,0.75,657.0,14.224,0.0,0.0,3.0,0.0,17.0,0.1,15.43,10.7
239,"VEG OIL SPRD,60% FAT,STK,W/ SALT,W/ ADDED VITAMIN D",537.0,0.12,60.39,0.69,785.0,10.884,0.0,0.0,21.0,0.0,30.0,0.1,5.0,10.7
240,"VEG OIL SPRD,60% FAT,TUB,W/ SALT,W/ ADDED VITAMIN D",533.0,0.17,59.81,0.86,785.0,12.086,1.0,0.0,21.0,0.0,30.0,0.1,21.12,10.7
241,"VEG-OIL SPRD,STICK/TUB/BOTTLE,60% FAT,W/ ADDED VITAMIN D",535.0,0.6,59.17,0.0,785.0,10.042,1.0,0.0,21.0,0.0,30.0,0.1,5.0,10.7
242,"MARGARINE,REG,80% FAT,COMP,STK,WO/ SALT,W/ ADDED VITAMIN D",717.0,0.16,80.71,0.7,2.0,15.189,0.0,0.0,3.0,0.06,18.0,0.2,9.0,10.7
243,"VEG OIL SPRD,60% FAT,STICK/TUB/BOTTLE,WO/ SALT,W/VIT D",542.0,0.17,59.81,0.86,2.0,12.086,1.0,0.0,21.0,0.0,30.0,0.1,21.12,10.7
244,"SNACKS,CANDY BITS,YOGURT COVERED W/ VIT C",415.0,0.0,7.5,86.9,75.0,1.194,3.0,65.0,500.0,0.19,338.0,180.0,0.6,0.0
245,SILK HAZELNUT CREAMER,133.0,0.0,6.67,20.0,67.0,0.0,0.0,20.0,0.0,0.0,,200.0,,
246,"WHALE,BELUGA,MEAT,DRIED (ALASKA NATIVE)",327.0,69.86,5.34,0.0,220.0,1.204,122.0,0.0,22.0,72.35,800.0,0.0,0.27,
247,"SOY FLR,FULL-FAT,RAW,CRUDE PROT BASIS (N X 6.25)",434.0,37.8,20.65,31.93,13.0,2.987,0.0,,206.0,6.37,2515.0,0.0,,0.0
248,"SOY FLR,FULL-FAT,RSTD,CRUDE PROT BASIS (N X 6.25)",439.0,38.09,21.86,30.38,12.0,3.162,0.0,,188.0,5.82,2041.0,0.0,,0.0
249,"SOY FLR,DEFATTED,CRUDE PROT BASIS (N X 6.25)",372.0,49.81,8.9,30.63,9.0,1.29,0.0,14.58,285.0,8.2,2090.0,0.0,0.55,0.0
250,"SOY FLR,LOW-FAT,CRUDE PROT BASIS (N x 6.25)",369.0,50.93,6.7,33.58,18.0,0.969,0.0,19.8,188.0,5.99,2570.0,0.0,0.19,0.0
251,"SOY MEAL,DEFATTED,RAW,CRUDE PROT BASIS (N X 6.25)",337.0,49.2,2.39,35.89,3.0,0.268,0.0,,244.0,13.7,2490.0,0.0,,0.0
252,"SOY PROT CONC,PRODUCED BY ACID WASH",331.0,58.13,0.46,30.91,900.0,0.052,0.0,20.0,363.0,10.78,450.0,0.0,,0.0
253,"SOY PROT CONC,CRUDE PROT BASIS (N X 6.25),ACID WASH",328.0,63.63,0.46,25.41,900.0,0.052,0.0,,363.0,10.78,450.0,0.0,,0.0
254,"SOY PROT ISOLATE,K TYPE",326.0,80.69,0.53,10.22,50.0,0.077,0.0,0.0,178.0,14.5,1590.0,0.0,0.0,0.0
255,"SOY PROT ISOLATE,K TYPE,CRUDE PROT BASIS",321.0,88.32,0.53,2.59,50.0,0.066,0.0,0.0,178.0,14.5,1590.0,0.0,0.0,0.0
256,"CLOUDBERRIES,RAW (ALASKA NATIVE)",51.0,2.4,0.8,8.6,,,,,18.0,0.7,,158.0,,
257,"TOFU,DRIED-FROZEN (KOYADOFU),PREP W/CA SULFATE",472.0,47.94,30.34,12.79,6.0,4.388,0.0,,2134.0,9.73,20.0,0.7,,0.0
258,"TOFU,SALTED&FERMENTED (FUYU),PREP W/CA SULFATE",116.0,8.15,8.0,5.15,2873.0,1.157,0.0,,1229.0,1.98,75.0,0.2,,0.0
259,"FISH,HERRING EGGS,PACIFIC,DRY (ALASKA NATIVE)",312.0,60.4,6.6,2.8,,,,,29.0,,,,,
260,"FISH,HERRING,PACIFIC,FLSH,AIR-DRIED,PACK OIL (ALASKA NATIVE)",489.0,44.5,34.6,0.0,,,,,,,,,,
261,"SEAL,BEARDED (OOGRUK),MEAT,DRIED (ALASKA NATIVE)",351.0,82.6,2.3,0.0,,0.6,,0.0,,49.6,,,,
262,"FISH,SALMON,KING,CHINOOK,SMOKED,BRINED (ALASKA NATIVE)",430.0,39.9,30.0,0.0,693.0,6.97,107.0,,23.0,4.5,700.0,,,
263,"WALRUS,MEAT,DRIED (ALASKA NATIVE)",251.0,57.0,2.6,0.0,,,,,,43.0,,,,
264,"WILLOW,YOUNG LEAVES,CHOPD (ALASKA NATIVE)",122.0,6.1,1.6,20.7,,,,,130.0,2.6,,190.0,,
265,"CARIBOU,RUMP MEAT,HALF DRIED (ALASKA NATIVE)",255.0,52.06,5.23,0.0,390.0,1.55,141.0,0.0,14.0,11.0,710.0,0.0,0.09,
266,"CARIBOU,SHLDR MEAT,DRIED (ALASKA NATIVE)",271.0,59.38,3.67,0.0,950.0,1.586,164.0,0.0,14.0,11.0,810.0,0.0,0.07,0.0
267,"FISH,WHITEFISH,DRIED (ALASKA NATIVE)",371.0,62.44,13.44,0.0,200.0,2.85,266.0,0.0,810.0,4.1,1080.0,0.0,0.66,
268,"FISH,SALMON,CHUM,DRIED (ALASKA NATIVE)",378.0,62.09,14.38,0.0,190.0,2.395,214.0,0.0,155.0,2.2,910.0,0.0,0.82,
269,"SEAL,BEARDED (OOGRUK),MEAT,PART DRIED (ALASKA NATIVE)",270.0,62.38,2.31,0.0,130.0,,,0.0,9.0,33.0,960.0,0.0,0.07,
270,"STEELHEAD TROUT,DRIED,FLESH (SHOSHONE BANNOCK)",382.0,77.27,8.06,0.0,2850.0,0.829,227.0,0.0,85.0,2.96,1720.0,0.0,2.41,15.7
271,"STEELHEAD TROUT,BLD,CND (ALASKA NATIVE)",159.0,21.11,8.26,0.0,118.0,1.53,59.0,0.0,30.0,0.64,365.0,0.0,2.15,15.1
272,"SMELT,DRIED (ALASKA NATIVE)",386.0,56.19,17.9,0.0,420.0,3.59,249.0,0.0,1600.0,5.4,1000.0,,4.51,
273,"SALMON,RED (SOCKEYE),FILETS W/ SKN,SMOKED (ALASKA NATIVE)",345.0,60.62,11.43,0.0,51.0,2.593,155.0,0.0,58.0,1.06,960.0,0.0,1.2,
274,"ROSE HIPS,WILD (NORTHERN PLAINS INDIANS)",162.0,1.6,0.34,38.22,4.0,,,2.58,169.0,1.06,429.0,426.0,5.84,
275,"FRUIT-FLAVORED DRK,DRY PDR MIX,LO CAL,W/ ASPRT",217.0,0.45,0.04,86.85,404.0,0.0,0.0,0.0,1047.0,0.08,498.0,560.0,0.0,0.0
276,"KALE,RAW",50.0,3.3,0.7,10.01,43.0,0.091,0.0,,135.0,1.7,447.0,120.0,,0.0
277,"MUSTARD SPINACH,(TENDERGREEN),RAW",22.0,2.2,0.3,3.9,21.0,0.015,0.0,,210.0,1.5,449.0,130.0,,0.0
278,"CEREALS RTE,POST,HONEY BUNCHES OF OATS,W/ ALMONDS",410.0,7.7,7.5,79.7,444.0,0.8,0.0,20.1,37.0,38.8,212.0,0.0,1.76,3.1
279,"PARSLEY,FRSH",36.0,2.97,0.79,6.33,56.0,0.132,0.0,0.85,138.0,6.2,554.0,133.0,0.75,0.0
280,"BEVERAGE,MILKSHAKE MIX,DRY,NOT CHOC",329.0,23.5,2.6,52.9,780.0,2.059,14.0,51.3,880.0,7.7,2200.0,1.2,0.05,0.0
281,"PEPPERS,SWT,GRN,SAUTEED",127.0,0.78,11.85,4.22,17.0,1.59,0.0,2.17,8.0,0.3,134.0,177.0,1.4,0.0
282,"POKEBERRY SHOOTS,(POKE),RAW",23.0,2.6,0.4,3.7,23.0,,0.0,,53.0,1.7,242.0,136.0,,0.0
283,"BEVERAGE,INST BRKFST PDR,CHOC,SUGAR-FREE,NOT RECON",358.0,35.8,5.1,41.0,717.0,2.162,44.0,39.0,500.0,2.3,1705.0,138.0,16.88,0.0
284,"CHEESE,PARMESAN,LO NA",451.0,41.6,29.99,3.7,63.0,19.051,79.0,0.85,1376.0,0.95,107.0,0.0,0.27,0.6
285,"COFFEE&COCOA (MOCHA) PDR,W/WHTNR&LO CAL SWTNR",257.0,9.0,13.21,71.4,500.0,11.376,0.0,34.98,60.0,3.06,1856.0,0.0,0.09,0.0
286,"FRUIT-FLAVORED DRK,PDR,W/ HI VIT C W/ OTHER ADDED VIT,LO CAL",227.0,0.25,0.16,91.0,14.0,0.01,0.0,0.0,800.0,0.08,2518.0,2400.0,0.02,0.0
287,"LAMB,VAR MEATS&BY-PRODUCTS,SPLEEN,RAW",101.0,17.2,3.1,0.0,84.0,1.03,250.0,,9.0,41.89,358.0,23.0,,
288,"LAMB,VAR MEATS&BY-PRODUCTS,SPLEEN,CKD,BRSD",156.0,26.46,4.77,0.0,58.0,1.58,385.0,,13.0,38.67,248.0,26.0,,
289,"RADISHES,ORIENTAL,DRIED",271.0,7.9,0.72,63.37,278.0,0.218,0.0,37.32,629.0,6.73,3494.0,0.0,0.01,0.0
290,YEAST EXTRACT SPREAD,185.0,23.88,0.9,20.42,2962.0,0.0,0.0,1.6,67.0,4.04,2100.0,0.0,0.0,0.0
291,"CEREALS RTE,POST,HONEY BUNCHES OF OATS,HONEY RSTD",398.0,7.1,5.0,83.0,499.0,0.7,0.0,20.3,21.0,36.0,179.0,0.0,0.84,3.3
292,"CELERY FLAKES,DRIED",319.0,11.3,2.1,63.7,1435.0,0.555,0.0,35.9,587.0,7.83,4388.0,86.5,5.55,0.0
293,"PUDDINGS,CHOC FLAVOR,LO CAL,REG,DRY MIX",365.0,10.08,3.0,74.42,3326.0,1.578,0.0,0.7,1512.0,3.87,570.0,0.0,0.02,0.0
294,VITAL WHEAT GLUTEN,370.0,75.16,1.85,13.79,29.0,0.272,0.0,0.0,142.0,5.2,100.0,0.0,0.0,0.0
295,"MACKEREL,SALTED",305.0,18.5,25.1,0.0,4450.0,7.148,95.0,0.0,66.0,1.4,520.0,0.0,2.38,25.2
296,TOMATO POWDER,302.0,12.91,0.44,74.68,134.0,0.062,0.0,43.9,166.0,4.56,1927.0,116.7,12.25,0.0
297,"CHIVES,FREEZE-DRIED",311.0,21.2,3.5,64.29,70.0,0.591,0.0,,813.0,20.0,2960.0,660.0,,0.0
298,"DRUMSTICK PODS,RAW",37.0,2.1,0.2,8.53,42.0,0.033,0.0,,30.0,0.36,461.0,141.0,,0.0
299,"KALE,SCOTCH,RAW",42.0,2.8,0.6,8.32,70.0,0.078,0.0,,205.0,3.0,450.0,130.0,,0.0
300,"LEEKS,(BULB&LOWER-LEAF PORTION),FREEZE-DRIED",321.0,15.2,2.1,74.65,35.0,0.279,0.0,,360.0,7.6,2400.0,118.0,,0.0
301,"PARSLEY,FREEZE-DRIED",271.0,31.3,5.2,42.38,391.0,,0.0,,176.0,53.9,6300.0,149.0,,0.0
302,"PEPPERS,SWT,GRN,FREEZE-DRIED",314.0,17.9,3.0,68.7,193.0,0.447,0.0,38.48,134.0,10.4,3170.0,1900.0,4.0,0.0
303,"SEAWEED,SPIRULINA,DRIED",290.0,57.47,7.72,23.9,1048.0,2.65,0.0,3.1,120.0,28.5,1363.0,10.1,5.0,0.0
304,"PEPPERS,HOT CHILI,GRN,RAW",40.0,2.0,0.2,9.46,7.0,0.021,0.0,5.1,18.0,1.2,340.0,242.5,0.69,0.0
305,"CARROT,DEHYDRATED",341.0,8.1,1.49,79.57,275.0,0.256,0.0,38.82,212.0,3.93,2540.0,14.6,5.45,0.0
306,"PEPPERS,HOT CHILI,RED,RAW",40.0,1.87,0.44,8.81,9.0,0.042,0.0,5.3,14.0,1.03,322.0,143.7,0.69,0.0
307,"PEPPERS,SWT,RED,RAW",31.0,0.99,0.3,6.03,4.0,0.027,0.0,4.2,7.0,0.43,211.0,127.7,1.58,0.0
308,"PEPPERS,SWT,RED,CKD,BLD,DRND,WO/SALT",28.0,0.92,0.2,6.7,2.0,0.029,0.0,4.39,9.0,0.46,166.0,171.0,1.65,0.0
309,"PEPPERS,SWT,RED,CKD,BLD,DRND,W/SALT",26.0,0.92,0.2,6.11,238.0,0.029,0.0,4.39,9.0,0.46,166.0,171.0,1.65,0.0
310,"LEAVENING AGENTS,BAKING PDR,DOUBLE-ACTING,NA AL SULFATE",53.0,0.0,0.0,27.7,10600.0,0.0,0.0,0.0,5876.0,11.02,20.0,0.0,0.0,0.0
311,"LEAVENING AGENTS,BAKING PDR,DOUBLE-ACTING,STRAIGHT PO4",51.0,0.1,0.0,24.1,7893.0,0.0,0.0,0.0,7364.0,11.27,5.0,0.0,0.0,0.0
312,"LEAVENING AGENTS,BAKING PDR,LOW-SODIUM",97.0,0.1,0.4,46.9,90.0,0.073,0.0,0.0,4332.0,8.17,10100.0,0.0,0.0,0.0
313,"LEAVENING AGENTS,CRM OF TARTAR",258.0,0.0,0.0,61.5,52.0,0.0,0.0,0.0,8.0,3.72,16500.0,0.0,0.0,0.0
314,"LEAVENING AGENTS,YEAST,BAKER'S,ACTIVE DRY",325.0,40.44,7.61,41.22,51.0,1.001,0.0,0.0,30.0,2.17,955.0,0.3,0.0,0.0
315,"PEPPERS,SWT,RED,SAUTEED",133.0,1.04,12.75,6.57,21.0,1.557,0.0,4.28,7.0,0.47,193.0,162.8,3.09,0.0
316,"PEPPERS,SWT,RED,FREEZE-DRIED",314.0,17.9,3.0,68.7,193.0,0.447,0.0,40.77,134.0,10.4,3170.0,1900.0,4.0,0.0
317,"MUSHROOMS,PORTABELLA,EXPOSED TO UV LT,GRILLED",29.0,3.28,0.58,4.44,11.0,0.067,,2.26,3.0,0.4,437.0,0.0,0.0,13.1
318,"PEPPERS,SWEET,YELLOW,RAW",27.0,1.0,0.21,6.32,2.0,0.031,0.0,,11.0,0.46,212.0,183.5,,0.0
319,"TOMATOES,SUN-DRIED",258.0,14.11,2.97,55.76,247.0,0.426,0.0,37.59,110.0,9.09,3427.0,39.2,0.01,0.0
320,"PEPPERS,HOT CHILE,SUN-DRIED",324.0,10.58,5.81,69.86,91.0,0.813,0.0,41.06,45.0,6.04,1870.0,31.4,3.14,0.0
321,"PEPPERS,ANCHO,DRIED",281.0,11.86,8.2,51.42,43.0,0.82,0.0,,61.0,10.93,2411.0,2.0,,0.0
322,"PEPPERS,PASILLA,DRIED",345.0,12.35,15.85,51.13,89.0,,0.0,,97.0,9.83,2222.0,6.4,,0.0
323,"MUSHROOMS,MAITAKE,RAW",31.0,1.94,0.19,6.97,1.0,0.03,0.0,2.07,1.0,0.3,204.0,0.0,0.01,28.1
324,"MUSHROOMS,PORTABELLA,EXPOSED TO UV LT,RAW",22.0,2.11,0.35,3.87,9.0,0.06,0.0,2.5,3.0,0.31,364.0,0.0,0.02,11.2
325,"SEEDS,BREADNUT TREE SEEDS,DRIED",367.0,8.62,1.68,79.39,53.0,0.454,0.0,,94.0,4.6,2011.0,46.6,,0.0
326,"COTTONSEED FLR,PART DEFATTED (GLANDLESS)",359.0,40.96,6.2,40.54,35.0,1.588,0.0,,478.0,12.66,1772.0,2.4,,0.0
327,"COTTONSEED FLR,LOFAT (GLANDLESS)",332.0,49.83,1.41,36.1,35.0,0.31,0.0,,474.0,12.58,1761.0,2.4,,0.0
328,"COTTONSEED MEAL,PART DEFATTED (GLANDLESS)",367.0,49.1,4.77,38.43,37.0,1.207,0.0,,504.0,13.35,1869.0,2.5,,0.0
329,"SESAME SEEDS,WHL,RSTD&TSTD",565.0,16.96,48.0,25.74,11.0,6.722,0.0,,989.0,14.76,475.0,0.0,,0.0
330,"SESAME FLR,PART DEFATTED",382.0,40.32,11.89,35.14,41.0,1.634,0.0,,150.0,14.3,425.0,0.0,,0.0
331,"SESAME FLOUR,LOW-FAT",333.0,50.14,1.75,35.51,39.0,0.201,0.0,,149.0,14.22,397.0,0.0,,0.0
332,"SUNFLOWER SD FLR,PART DEFATTED",326.0,48.06,1.61,35.83,3.0,0.138,0.0,,114.0,6.62,67.0,1.3,,0.0
333,"SISYMBRIUM SP. SEEDS,WHL,DRIED",318.0,12.14,4.6,58.26,92.0,0.902,0.0,,1633.0,0.11,2130.0,30.7,,
334,"FRUIT LEATHER,ROLLS",371.0,0.1,3.0,85.8,317.0,0.672,0.0,49.16,32.0,1.01,294.0,120.0,0.56,0.0
335,"PORK SKINS,PLAIN",544.0,61.3,31.3,0.0,1818.0,11.37,95.0,0.0,30.0,0.88,127.0,0.5,0.53,0.0
336,"BEEF,VAR MEATS&BY-PRODUCTS,SPLEEN,RAW",105.0,18.3,3.0,0.0,85.0,1.0,263.0,,9.0,44.55,429.0,45.5,,
337,"BEEF,VAR MEATS&BY-PRODUCTS,SPLEEN,CKD,BRSD",145.0,25.1,4.2,0.0,57.0,1.39,347.0,,12.0,39.36,284.0,50.3,,
338,"CEREALS RTE,GENERAL MILLS,CHEERIOS",367.0,11.33,5.9,74.68,571.0,0.954,0.0,4.02,408.0,31.77,609.0,24.4,0.68,3.6
339,"CEREALS RTE,POST,COCOA PEBBLES",397.0,4.7,4.2,85.8,633.0,3.7,0.0,37.2,21.0,6.0,177.0,0.0,0.13,8.3
340,"CEREALS RTE,RALSTON CRISPY RICE",364.0,6.69,1.26,86.22,763.0,0.36,0.0,7.65,5.0,32.73,110.0,64.5,0.06,3.0
341,"CEREALS RTE,KELLOGG,KELLOGG'S ALL-BRAN COMPLETE WHEAT FLAKES",318.0,10.0,2.0,79.0,715.0,0.4,0.0,17.0,52.0,62.0,590.0,207.0,46.35,3.5
342,"CEREALS RTE,KELLOGG'S FRSTD MINI-WHEATS,BIG BITE",343.0,9.0,1.6,82.0,10.0,0.36,0.0,21.0,33.0,32.0,352.0,0.0,0.0,0.0
343,"CEREALS RTE,POST,FRUITY PEBBLES",400.0,4.3,4.0,86.2,630.0,3.6,0.0,38.0,17.0,6.0,67.0,20.0,0.13,8.3
344,"COCOA,DRY PDR,UNSWTND,PROC W/ALKALI",220.0,18.1,13.1,58.3,19.0,7.76,0.0,1.76,111.0,15.52,2509.0,0.0,0.1,0.0
345,"CEREALS RTE,POST,GRAPE-NUTS CRL",359.0,12.48,1.85,80.1,507.0,0.305,0.0,12.61,39.0,38.06,400.0,0.0,0.64,1.7
346,"COCOA,DRY PDR,UNSWTND,HERSHEY'S EUROPEAN STYLE COCOA",400.0,20.0,10.0,60.0,0.0,0.0,0.0,0.0,0.0,36.0,,0.0,,
347,"CEREALS RTE,POST,HONEYCOMB CRL",396.0,6.2,3.0,87.4,541.0,1.3,0.0,32.4,16.0,8.4,156.0,0.0,0.17,7.8
348,"CEREALS RTE,GENERAL MILLS,KIX",367.0,7.69,3.46,82.82,633.0,0.576,0.0,9.76,570.0,32.0,200.0,25.4,0.25,3.3
349,"GELATINS,DRY PDR,UNSWTND",335.0,85.6,0.1,0.0,196.0,0.07,0.0,0.0,55.0,1.11,16.0,0.0,0.0,0.0
350,"CEREALS RTE,KELLOGG,KELLOGG'S PRODUCT 19",333.0,7.7,1.4,83.0,690.0,0.3,0.0,13.3,16.0,60.3,167.0,204.0,45.0,3.3
351,"CEREALS RTE,GENERAL MILLS,RICE CHEX",370.0,7.41,1.0,85.19,889.0,0.22,0.0,7.41,370.0,33.33,167.0,22.2,0.65,3.7
352,"CEREALS RTE,KELLOGG,KELLOGG'S RICE KRISPIES",381.0,6.84,0.96,85.24,561.0,0.216,0.0,10.9,7.0,34.4,88.0,47.0,10.35,3.8
353,"CEREALS RTE,GENERAL MILLS,WHL GRAIN TOTAL",333.0,6.67,1.67,76.67,633.0,0.406,0.0,16.67,3333.0,60.0,300.0,200.0,45.0,8.3
354,"CEREALS RTE,GENERAL MILLS,MULTI-GRAIN CHEERIOS",379.0,6.9,3.45,79.31,552.0,0.531,0.0,20.69,345.0,62.07,293.0,51.7,16.29,3.5
355,"CEREALS,QUAKER,CORN GRITS,INST,PLN,DRY",359.0,7.31,2.14,76.02,1050.0,0.362,0.0,1.51,378.0,38.75,163.0,0.0,0.05,0.0
356,"DESSERTS,RENNIN,TABLETS,UNSWTND",84.0,1.0,0.1,19.8,26050.0,0.041,0.0,,3733.0,7.07,292.0,0.0,,
357,"CEREALS,FARINA,ENR,ASSORTED BRANDS,DRY",360.0,11.6,1.41,73.19,124.0,0.232,0.0,0.56,711.0,33.39,153.0,0.0,0.33,0.0
358,"CEREALS,MALT-O-MEAL,PLN,DRY",361.0,11.8,1.27,75.6,10.0,0.299,1.0,1.1,508.0,55.7,170.0,1.0,,
359,"SNACKS,GENERAL MILLS,BETTY CROCKER FRT RL UPS,BRY FLV,W/VT C",373.0,0.1,3.5,85.2,317.0,0.99,,38.7,,,,120.0,,
360,"SNACKS,FRUIT LEATHER,PIECES,W/VIT C",373.0,0.1,3.5,85.2,317.0,0.99,0.0,,18.0,0.75,164.0,120.0,,
361,"CEREALS RTE,RICE,PUFFED,FORT",402.0,6.3,0.5,89.8,3.0,0.13,0.0,,6.0,31.7,113.0,0.0,,
362,"CEREALS,MALT-O-MEAL,CHOC,DRY",374.0,10.6,1.31,79.9,10.0,0.462,1.0,24.4,369.0,39.7,315.0,1.0,,
363,"CANDIES,MARS SNACKFOOD US,COCOAVIA CHOC BAR",539.0,5.81,29.3,62.99,7.0,15.703,0.0,39.19,1164.0,3.47,,42.6,12.27,
364,"CANDIES,MARS SNACK US,COCOAVIA BLUEBERRY & ALMOND CHOC BAR",525.0,6.35,28.68,60.37,8.0,13.07,0.0,38.99,985.0,3.18,,34.2,9.2,
365,"CANDIES,MARS SNACKFOOD US,COCOAVIA CRISPY CHOC BAR",517.0,8.21,26.23,62.06,40.0,14.007,0.0,34.96,1070.0,3.45,,37.9,10.13,
366,"CEREALS RTE,GENERAL MILLS,TOTAL CORN FLAKES",373.0,6.05,1.61,85.55,698.0,0.4,0.0,11.0,3333.0,60.0,94.0,200.0,45.0,2.9
367,"CEREALS RTE,GENERAL MILLS,TOTAL RAISIN BRAN",302.0,5.66,1.89,76.36,434.0,0.297,0.0,32.08,1887.0,33.96,528.0,0.0,24.55,4.7
368,"CEREALS RTE,KELLOGG,KELLOGG'S COMPLETE OAT BRAN FLAKES",350.0,11.0,3.5,77.0,699.0,0.8,0.0,20.0,54.0,63.0,400.0,210.0,41.85,3.5
369,"CEREALS RTE,KELLOGG,KELLOGG'S CRISPIX",370.0,6.7,0.5,85.7,751.0,0.1,0.0,12.1,10.0,33.6,135.0,21.0,0.14,4.1
370,"PORK SKINS,BARBECUE-FLAVOR",538.0,57.9,31.8,1.6,2667.0,11.56,115.0,,43.0,1.04,180.0,1.5,,
371,"CEREALS RTE,GENERAL MILLS,BERRY BERRY KIX",364.0,6.06,4.55,84.85,515.0,0.567,0.0,21.21,1515.0,5.45,212.0,27.3,0.8,3.3
372,"CEREALS RTE,KELLOGG,KELLOGG'S SMART START ANTIOXIDANTS CRL",365.0,7.0,1.41,86.0,550.0,0.27,0.0,28.0,24.0,36.0,180.0,30.0,27.0,2.0
373,"CEREALS RTE,GENERAL MILLS,MULTI-BRAN CHEX",340.0,8.51,3.19,82.98,574.0,0.716,0.0,21.28,213.0,34.47,383.0,12.8,0.31,2.1
374,"SNACKS,M&M MARS,KUDOS WHL GRAIN BARS,CHOC CHIP",420.0,4.47,13.02,72.31,246.0,4.701,136.0,38.78,1084.0,1.4,279.0,0.1,10.79,
375,"CEREALS RTE,MALT-O-MEAL,CRISPY RICE",381.0,6.3,1.13,86.4,909.0,0.465,1.0,9.0,7.0,35.1,124.0,62.1,0.11,3.3
376,"CEREALS RTE,MALT-O-MEAL,TOASTY O'S",404.0,13.1,5.92,74.6,897.0,1.23,1.0,3.9,406.0,32.7,317.0,20.5,0.66,2.8
377,"GELATIN DSSRT,DRY MIX,RED CAL,W/ ASPRT,ADDED P,K,NA,VIT C",345.0,55.3,0.0,33.3,2751.0,0.0,0.0,,2.0,0.02,1985.0,490.0,,
378,"GELATIN DSSRT,DRY MIX,RED CAL,W/ ASPRT,NO ADDED NA",345.0,55.3,0.0,33.3,158.0,0.0,0.0,,2.0,0.02,14.0,0.0,,
379,"COCOA,DRY PDR,HI-FAT OR BRKFST,PROC W/ALKALI",479.0,16.8,23.71,49.71,20.0,12.64,0.0,1.53,122.0,14.5,2509.0,0.0,0.18,0.0
380,"CEREALS,QUAKER,QUICK OATS W/ IRON,DRY",371.0,13.7,6.87,68.18,3.0,0.96,0.0,1.42,47.0,49.45,358.0,0.0,0.66,
381,"CEREALS RTE,MALT-O-MEAL,PUFFED WHEAT CRL",396.0,15.6,2.03,78.8,10.0,0.442,1.0,1.1,25.0,53.0,412.0,1.0,1.01,
382,"CEREALS,MALT-O-MEAL,FARINA HOT WHEAT CRL,DRY",362.0,13.3,1.28,74.3,10.0,0.306,1.0,0.7,377.0,39.6,140.0,1.0,,
383,"CEREALS RTE,MALT-O-MEAL,MAPLE & BRWN SGR HOT WHT CRL,DRY",377.0,8.0,0.75,84.5,10.0,0.19,1.0,35.6,314.0,31.9,130.0,1.0,,
384,"CEREALS RTE,MALT-O-MEAL,PUFFED RICE CRL",401.0,7.8,0.97,90.2,5.0,0.297,1.0,0.8,5.0,44.5,103.0,1.0,0.12,
385,"CEREALS RTE,MALT-O-MEAL,FRSTD MINI SPOONERS",388.0,9.4,2.08,82.9,18.0,0.393,1.0,17.9,27.0,38.7,340.0,1.0,,
386,"CEREALS RTE,RALSTON ENR BRAN FLAKES",310.0,10.21,3.36,79.77,813.0,0.433,,17.17,45.0,67.67,630.0,239.7,80.46,
387,"CEREALS RTE,RALSTON CORN BISCUITS",367.0,5.83,1.05,85.79,1070.0,0.193,,9.51,378.0,38.37,90.0,18.5,0.1,
388,"CEREALS RTE,RALSTON CRISPY HEXAGONS",379.0,5.94,0.95,86.78,816.0,0.263,,9.57,8.0,34.67,99.0,43.8,0.05,
389,"CEREALS RTE,USDA CMDTY CORN & RICE (INCLUDES ALL  BRANDS)",378.0,6.06,1.08,86.85,795.0,0.26,,10.35,10.0,34.06,105.0,38.5,0.08,
390,"CEREALS,CRM OF WHEAT,2 1/2 MINUTE COOK TIME,DRY",355.0,11.61,1.41,71.79,328.0,0.253,,0.47,882.0,32.02,160.0,0.0,0.37,
391,"CEREALS RTE,GENERAL MILLS,TOTAL,CRANBERRY CRUNCH",328.0,6.9,1.72,78.0,328.0,0.414,0.0,27.59,1724.0,31.03,241.0,0.0,23.28,4.3
392,"CEREALS RTE,GENERAL MILLS,TOTAL,BLUEBERRY POMEGRANATE",353.0,9.3,3.7,76.8,195.0,0.8,0.0,21.9,2041.0,36.7,287.0,122.4,,5.1
393,"COCOA MIX,NO SUGAR ADDED,PDR",377.0,15.49,3.0,71.93,876.0,1.777,0.0,37.65,576.0,4.96,2702.0,0.0,0.04,0.0
394,"COFFEE,INST,REG,PDR,HALF THE CAFFEINE",350.0,14.42,0.5,70.6,37.0,0.197,0.0,0.0,141.0,4.41,3535.0,0.0,0.0,0.0
395,"COFFEE&COCOA (MOCHA) PDR,W/WHTNR&LO CAL SWTNR,DECAFFEINATED",257.0,9.0,13.21,71.4,500.0,11.376,0.0,34.98,60.0,3.06,1856.0,0.0,0.09,0.0
396,"COFFEE,INST,REG,PDR",241.0,12.2,0.5,41.1,37.0,0.197,0.0,0.0,141.0,4.41,3535.0,0.0,0.0,0.0
397,"COFFEE,INST,DECAFFEINATED,PDR",224.0,11.6,0.2,42.6,23.0,0.101,0.0,0.0,140.0,3.8,3501.0,0.0,0.0,0.0
398,"ACEROLA,(WEST INDIAN CHERRY),RAW",32.0,0.4,0.3,7.69,7.0,0.068,0.0,,12.0,0.2,146.0,1677.6,,
399,"ACEROLA JUICE,RAW",23.0,0.4,0.3,4.8,3.0,0.068,0.0,4.5,10.0,0.5,97.0,1600.0,0.18,
400,"COFFEE,INST,W/CHICORY,PDR",351.0,9.3,0.2,74.2,277.0,0.071,0.0,,103.0,4.76,3395.0,0.0,,
401,"COFFEE SUB,CRL GRAIN BEV,PDR",360.0,6.01,2.52,78.42,83.0,0.603,0.0,4.63,58.0,4.6,2443.0,0.0,0.98,0.0
402,"FRUIT PUNCH DRK,FRZ CONC",162.0,0.2,0.0,41.4,8.0,0.003,0.0,,8.0,0.3,44.0,155.6,,
403,"LEMONADE,LO CAL,W/ASPRT,PDR",332.0,3.6,0.3,83.7,10.0,0.039,0.0,0.0,3098.0,5.7,11.0,394.0,0.0,0.0
404,"MALTED DRK MIX,NAT,W/ ADDED NUTR,PDR",372.0,9.41,1.33,83.59,259.0,0.679,0.0,63.38,376.0,12.7,591.0,127.0,0.06,23.5
405,"MALTED DRK MIX,CHOC,W/ ADDED NUTR,PDR",389.0,4.9,3.4,84.6,594.0,1.964,0.0,70.56,443.0,17.38,1193.0,150.1,0.03,23.8
406,"TEA,INST,UNSWTND,PDR,DECAFFEINATED",315.0,20.21,0.0,58.66,72.0,0.0,0.0,5.53,118.0,2.26,6040.0,0.0,0.0,0.0
407,"TEA,INST,SWTND W/NA SACCHARIN,LEMON-FLAV,PDR,DECAFFEINATED",338.0,3.3,0.6,85.4,412.0,0.0,0.0,1.88,21.0,8.87,2568.0,0.0,0.0,0.0
